-- ============================================================
-- 評価制度システム v2.0 シードデータ
-- ============================================================
-- 固定UUID形式: 00000000-0000-0000-0000-00000000XXXX
-- 実行前にschema.sqlが適用済みであること
-- ============================================================

-- ============================================================
-- 1. Organization
-- ============================================================

INSERT INTO organizations (id, name, fiscal_year_start) VALUES
  ('00000000-0000-0000-0000-000000000001', 'イケメングループ', 4);

-- ============================================================
-- 2. Divisions (7事業部)
-- ============================================================

INSERT INTO divisions (id, org_id, name, phase, mission) VALUES
  ('00000000-0000-0000-0000-000000000101', '00000000-0000-0000-0000-000000000001', 'システム開発事業部', 'profitable', '受託開発によるクライアントのDX推進'),
  ('00000000-0000-0000-0000-000000000102', '00000000-0000-0000-0000-000000000001', 'TaskMate',           'profitable', 'オンラインアシスタントによる業務効率化'),
  ('00000000-0000-0000-0000-000000000103', '00000000-0000-0000-0000-000000000001', '補助金事業部',       'profitable', '補助金活用による中小企業のIT投資支援'),
  ('00000000-0000-0000-0000-000000000104', '00000000-0000-0000-0000-000000000001', 'ASP事業部',          'profitable', 'アフィリエイト・広告による収益最大化'),
  ('00000000-0000-0000-0000-000000000105', '00000000-0000-0000-0000-000000000001', 'イケメン製作所',     'investing',  'AI眉毛デザインで外面の構造化を実現'),
  ('00000000-0000-0000-0000-000000000106', '00000000-0000-0000-0000-000000000001', 'INTERCONNECT',       'investing',  'AIマッチングで仮説なき商談をなくす'),
  ('00000000-0000-0000-0000-000000000107', '00000000-0000-0000-0000-000000000001', 'CommitmentPay',      'investing',  '行動変容×決済インフラで続けられる世界を実現');

-- ============================================================
-- 3. Grade Definitions (G1-G5)
-- ============================================================

INSERT INTO grade_definitions (id, org_id, grade, name, salary_range_min, salary_range_max, description, expected_multiplier) VALUES
  ('00000000-0000-0000-0000-000000000201', '00000000-0000-0000-0000-000000000001', 'G1', 'メンバー',         200000, 300000, '指示のもと業務を遂行できる',             1.5),
  ('00000000-0000-0000-0000-000000000202', '00000000-0000-0000-0000-000000000001', 'G2', 'シニアメンバー',   300000, 450000, '自律的に担当領域を完遂できる',           2.0),
  ('00000000-0000-0000-0000-000000000203', '00000000-0000-0000-0000-000000000001', 'G3', 'リーダー',         450000, 650000, 'チームを率いて成果を出せる',             3.0),
  ('00000000-0000-0000-0000-000000000204', '00000000-0000-0000-0000-000000000001', 'G4', '事業部長',         650000, NULL,   '事業のP/Lに責任を持てる',               4.0),
  ('00000000-0000-0000-0000-000000000205', '00000000-0000-0000-0000-000000000001', 'G5', '代表',             NULL,   NULL,   'グループ全体の経営に責任を持つ',         NULL);

-- ============================================================
-- 4. Value Items (全社共通 3項目)
-- ============================================================

INSERT INTO value_items (id, org_id, name, definition, axis, max_score, sort_order) VALUES
  ('00000000-0000-0000-0000-000000000301', '00000000-0000-0000-0000-000000000001', 'Be Bold',          '失敗を恐れず、大胆に挑戦する',                                     '外面', 7, 1),
  ('00000000-0000-0000-0000-000000000302', '00000000-0000-0000-0000-000000000001', 'Build Together',    'チームとグループ全体のために動く',                                 '内面', 7, 2),
  ('00000000-0000-0000-0000-000000000303', '00000000-0000-0000-0000-000000000001', 'Own the Numbers',   '自分の業務がグループの収益に与える影響を理解し、数字で語れる',       '経済面', 6, 3);

-- ============================================================
-- 5. KPI Templates + KPI Items (事業部×職種)
-- ============================================================

-- -------------------------------------------------------
-- 5-1. システム開発事業部：営業 (quantitative)
-- -------------------------------------------------------
INSERT INTO kpi_templates (id, division_id, role, eval_type, version, is_active) VALUES
  ('00000000-0000-0000-0000-000000001001', '00000000-0000-0000-0000-000000000101', 'sales', 'quantitative', 1, true);

INSERT INTO kpi_items (id, template_id, name, description, weight, measurement_unit, threshold_s, threshold_a, threshold_b, threshold_c, sort_order) VALUES
  ('00000000-0000-0000-0000-000000002001', '00000000-0000-0000-0000-000000001001', '受注売上',         'S:130%以上 / A:115% / B:85-114% / C:70-84% / D:70%未満',    20, '円',  130, 115, 85, 70, 1),
  ('00000000-0000-0000-0000-000000002002', '00000000-0000-0000-0000-000000001001', '粗利益額',         'S:130%以上 / A:115% / B:85-114% / C:70-84% / D:70%未満',    15, '円',  130, 115, 85, 70, 2),
  ('00000000-0000-0000-0000-000000002003', '00000000-0000-0000-0000-000000001001', '新規商談数',       'S:月平10件+ / A:8 / B:5-7 / C:3-4 / D:2以下',              10, '件',  10,  8,   5,  3,  3),
  ('00000000-0000-0000-0000-000000002004', '00000000-0000-0000-0000-000000001001', '補助金トスアップ', 'S:月平3件+ / A:2 / B:1 / C:提案のみ / D:なし',              5,  '件',  3,   2,   1,  0,  4);

-- -------------------------------------------------------
-- 5-2. システム開発事業部：開発 (quantitative)
-- -------------------------------------------------------
INSERT INTO kpi_templates (id, division_id, role, eval_type, version, is_active) VALUES
  ('00000000-0000-0000-0000-000000001002', '00000000-0000-0000-0000-000000000101', 'engineer', 'quantitative', 1, true);

INSERT INTO kpi_items (id, template_id, name, description, weight, measurement_unit, threshold_s, threshold_a, threshold_b, threshold_c, sort_order) VALUES
  ('00000000-0000-0000-0000-000000002011', '00000000-0000-0000-0000-000000001002', '納品品質',           'S:バグゼロ / A:軽微修正 / B:許容範囲 / C:手戻1回 / D:2回+',  15, '件',   0,   1,   3,   5,  1),
  ('00000000-0000-0000-0000-000000002012', '00000000-0000-0000-0000-000000001002', '工数遵守率',         'S:見積80%以内 / A:90% / B:100% / C:120% / D:120%超',          15, '%',   80,  90, 100, 120,  2),
  ('00000000-0000-0000-0000-000000002013', '00000000-0000-0000-0000-000000001002', '生産性指標',         'エンジニア単価×実稼動時間で算出',                               10, '円',  130, 115,  85,  70,  3),
  ('00000000-0000-0000-0000-000000002014', '00000000-0000-0000-0000-000000001002', 'コードレビュー指摘率', '前期比の改善度',                                               10, '%',   50,  70,  90, 110,  4);

-- -------------------------------------------------------
-- 5-3. TaskMate：ポインター (quantitative)
-- -------------------------------------------------------
INSERT INTO kpi_templates (id, division_id, role, eval_type, version, is_active) VALUES
  ('00000000-0000-0000-0000-000000001003', '00000000-0000-0000-0000-000000000102', 'pointer', 'quantitative', 1, true);

INSERT INTO kpi_items (id, template_id, name, description, weight, measurement_unit, threshold_s, threshold_a, threshold_b, threshold_c, sort_order) VALUES
  ('00000000-0000-0000-0000-000000002021', '00000000-0000-0000-0000-000000001003', 'アポ取得数',       'S:25件+/月 / A:20 / B:12-19 / C:8-11 / D:7以下',             25, '件',  25, 20, 12,  8, 1),
  ('00000000-0000-0000-0000-000000002022', '00000000-0000-0000-0000-000000001003', 'アポ→商談化率',    'S:50%+ / A:40% / B:30-39% / C:20-29% / D:20%未満',            15, '%',   50, 40, 30, 20, 2),
  ('00000000-0000-0000-0000-000000002023', '00000000-0000-0000-0000-000000001003', 'コール数',         'S:日100+ / A:80 / B:60-79 / C:40-59 / D:40未満',              10, '件',  100, 80, 60, 40, 3);

-- -------------------------------------------------------
-- 5-4. TaskMate：クローザー (quantitative)
-- -------------------------------------------------------
INSERT INTO kpi_templates (id, division_id, role, eval_type, version, is_active) VALUES
  ('00000000-0000-0000-0000-000000001004', '00000000-0000-0000-0000-000000000102', 'closer', 'quantitative', 1, true);

INSERT INTO kpi_items (id, template_id, name, description, weight, measurement_unit, threshold_s, threshold_a, threshold_b, threshold_c, sort_order) VALUES
  ('00000000-0000-0000-0000-000000002031', '00000000-0000-0000-0000-000000001004', '成約率',           'S:40%+ / A:30% / B:20-29% / C:15-19% / D:15%未満',          20, '%',  40, 30, 20, 15, 1),
  ('00000000-0000-0000-0000-000000002032', '00000000-0000-0000-0000-000000001004', '月間新規契約数',   'S:10件+ / A:7 / B:4-6 / C:2-3 / D:1以下',                   15, '件',  10,  7,  4,  2, 2),
  ('00000000-0000-0000-0000-000000002033', '00000000-0000-0000-0000-000000001004', 'アップセル転換率', '受託・補助金への提案実績',                                     10, '%',  130, 115, 85, 70, 3),
  ('00000000-0000-0000-0000-000000002034', '00000000-0000-0000-0000-000000001004', '延長率',           '半年縛りの更新率',                                             5, '%',   95,  90, 80, 70, 4);

-- -------------------------------------------------------
-- 5-5. TaskMate：CS (quantitative)
-- -------------------------------------------------------
INSERT INTO kpi_templates (id, division_id, role, eval_type, version, is_active) VALUES
  ('00000000-0000-0000-0000-000000001005', '00000000-0000-0000-0000-000000000102', 'cs', 'quantitative', 1, true);

INSERT INTO kpi_items (id, template_id, name, description, weight, measurement_unit, threshold_s, threshold_a, threshold_b, threshold_c, sort_order) VALUES
  ('00000000-0000-0000-0000-000000002041', '00000000-0000-0000-0000-000000001005', '継続率',           'S:95%+ / A:90% / B:80-89% / C:70-79% / D:70%未満',            20, '%',  95, 90, 80, 70, 1),
  ('00000000-0000-0000-0000-000000002042', '00000000-0000-0000-0000-000000001005', '顧客満足度',       'NPSまたは定性フィードバック',                                    15, '点', 130, 115, 85, 70, 2),
  ('00000000-0000-0000-0000-000000002043', '00000000-0000-0000-0000-000000001005', 'アップセル貢献',   'CS経由で補助金・開発商談につなげた件数',                          15, '件',  10,  7,  4,  2, 3);

-- -------------------------------------------------------
-- 5-6. 補助金事業部：営業 (quantitative)
-- -------------------------------------------------------
INSERT INTO kpi_templates (id, division_id, role, eval_type, version, is_active) VALUES
  ('00000000-0000-0000-0000-000000001006', '00000000-0000-0000-0000-000000000103', 'sales', 'quantitative', 1, true);

INSERT INTO kpi_items (id, template_id, name, description, weight, measurement_unit, threshold_s, threshold_a, threshold_b, threshold_c, sort_order) VALUES
  ('00000000-0000-0000-0000-000000002051', '00000000-0000-0000-0000-000000001006', '補助金採択件数',   'S:月平3件+ / A:2 / B:1 / C:申請のみ / D:申請なし',              20, '件',   3,  2,  1,  0, 1),
  ('00000000-0000-0000-0000-000000002052', '00000000-0000-0000-0000-000000001006', '粗利益額',         'S:130%+ / A:115% / B:85-114% / C:70-84% / D:70%未満',           15, '円', 130, 115, 85, 70, 2),
  ('00000000-0000-0000-0000-000000002053', '00000000-0000-0000-0000-000000001006', '開発同時受注率',   '補助金採択→自社開発受注の転換率',                                 10, '%',  130, 115, 85, 70, 3),
  ('00000000-0000-0000-0000-000000002054', '00000000-0000-0000-0000-000000001006', '新規リード数',     '診断サイト等からの獲得数',                                         5, '件',  10,   7,  4,  2, 4);

-- -------------------------------------------------------
-- 5-7. 補助金事業部：バックヤード (quantitative)
-- -------------------------------------------------------
INSERT INTO kpi_templates (id, division_id, role, eval_type, version, is_active) VALUES
  ('00000000-0000-0000-0000-000000001007', '00000000-0000-0000-0000-000000000103', 'backyard', 'quantitative', 1, true);

INSERT INTO kpi_items (id, template_id, name, description, weight, measurement_unit, threshold_s, threshold_a, threshold_b, threshold_c, sort_order) VALUES
  ('00000000-0000-0000-0000-000000002061', '00000000-0000-0000-0000-000000001007', '書類完了率',       'S:期日前100% / A:95% / B:85-94% / C:70-84% / D:70%未満',        20, '%',  100, 95, 85, 70, 1),
  ('00000000-0000-0000-0000-000000002062', '00000000-0000-0000-0000-000000001007', '採択率',           'S:80%+ / A:70% / B:50-69% / C:30-49% / D:30%未満',              20, '%',   80, 70, 50, 30, 2),
  ('00000000-0000-0000-0000-000000002063', '00000000-0000-0000-0000-000000001007', '処理スピード',     '依頼受領から書類完成までのリードタイム',                            10, '日',    3,  5,  7, 10, 3);

-- -------------------------------------------------------
-- 5-8. ASP事業部 (quantitative)
-- -------------------------------------------------------
INSERT INTO kpi_templates (id, division_id, role, eval_type, version, is_active) VALUES
  ('00000000-0000-0000-0000-000000001008', '00000000-0000-0000-0000-000000000104', 'asp', 'quantitative', 1, true);

INSERT INTO kpi_items (id, template_id, name, description, weight, measurement_unit, threshold_s, threshold_a, threshold_b, threshold_c, sort_order) VALUES
  ('00000000-0000-0000-0000-000000002071', '00000000-0000-0000-0000-000000001008', '月間発生報酬',     'S:目標150%+ / A:120% / B:85-119% / C:60-84% / D:60%未満',       20, '円', 150, 120, 85, 60, 1),
  ('00000000-0000-0000-0000-000000002072', '00000000-0000-0000-0000-000000001008', '承認率',           'S:50%+ / A:40% / B:25-39% / C:15-24% / D:15%未満',              15, '%',   50,  40, 25, 15, 2),
  ('00000000-0000-0000-0000-000000002073', '00000000-0000-0000-0000-000000001008', '新規案件開拓',     '新規ASP案件の採用・掲載数',                                       10, '件',  10,   7,  4,  2, 3),
  ('00000000-0000-0000-0000-000000002074', '00000000-0000-0000-0000-000000001008', '単価改善',         '特単交渉や高単価案件シフト実績',                                    5, '%',  130, 115, 85, 70, 4);

-- -------------------------------------------------------
-- 5-9. イケメン製作所：美容師 (quantitative, 赤字配分:定量30%)
-- -------------------------------------------------------
INSERT INTO kpi_templates (id, division_id, role, eval_type, version, is_active) VALUES
  ('00000000-0000-0000-0000-000000001009', '00000000-0000-0000-0000-000000000105', 'beautician', 'quantitative', 1, true);

INSERT INTO kpi_items (id, template_id, name, description, weight, measurement_unit, threshold_s, threshold_a, threshold_b, threshold_c, sort_order) VALUES
  ('00000000-0000-0000-0000-000000002081', '00000000-0000-0000-0000-000000001009', '月間売上',         'S:損益分岐120%+ / A:100% / B:80-99% / C:60-79% / D:60%未満',   10, '円', 120, 100, 80, 60, 1),
  ('00000000-0000-0000-0000-000000002082', '00000000-0000-0000-0000-000000001009', 'リピート率',       'S:70%+ / A:55% / B:40-54% / C:25-39% / D:25%未満',              10, '%',   70,  55, 40, 25, 2),
  ('00000000-0000-0000-0000-000000002083', '00000000-0000-0000-0000-000000001009', '客単価',           '眉毛+オプションのアップセル実績',                                  10, '円', 130, 115, 85, 70, 3);

-- -------------------------------------------------------
-- 5-10. イケメン製作所：管理職 (quantitative, 赤字配分:定量30%)
-- -------------------------------------------------------
INSERT INTO kpi_templates (id, division_id, role, eval_type, version, is_active) VALUES
  ('00000000-0000-0000-0000-000000001010', '00000000-0000-0000-0000-000000000105', 'manager', 'quantitative', 1, true);

INSERT INTO kpi_items (id, template_id, name, description, weight, measurement_unit, threshold_s, threshold_a, threshold_b, threshold_c, sort_order) VALUES
  ('00000000-0000-0000-0000-000000002091', '00000000-0000-0000-0000-000000001010', '店舗売上達成',     'S:損益分岐120%+ / A:100% / B:80-99% / C:60-79% / D:60%未満',   10, '円', 120, 100, 80, 60, 1),
  ('00000000-0000-0000-0000-000000002092', '00000000-0000-0000-0000-000000001010', '採用進捗',         'S:目標達成 / A:面接段階 / B:応募あり / C:募集中 / D:未着手',     10, '段階', 5,   4,  3,  2, 2),
  ('00000000-0000-0000-0000-000000002093', '00000000-0000-0000-0000-000000001010', 'コスト管理',       '固定費・変動費の削減実績',                                        10, '%', 130, 115, 85, 70, 3);

-- -------------------------------------------------------
-- 5-11. INTERCONNECT：営業 (quantitative, 赤字配分:定量30%)
-- -------------------------------------------------------
INSERT INTO kpi_templates (id, division_id, role, eval_type, version, is_active) VALUES
  ('00000000-0000-0000-0000-000000001011', '00000000-0000-0000-0000-000000000106', 'sales', 'quantitative', 1, true);

INSERT INTO kpi_items (id, template_id, name, description, weight, measurement_unit, threshold_s, threshold_a, threshold_b, threshold_c, sort_order) VALUES
  ('00000000-0000-0000-0000-000000002101', '00000000-0000-0000-0000-000000001011', '登録企業数',       'S:月平30社+ / A:20 / B:10-19 / C:5-9 / D:5未満',                8, '社',  30, 20, 10,  5, 1),
  ('00000000-0000-0000-0000-000000002102', '00000000-0000-0000-0000-000000001011', 'マッチング実施数', 'S:月15件+ / A:10 / B:5-9 / C:3-4 / D:2以下',                    8, '件',  15, 10,  5,  3, 2),
  ('00000000-0000-0000-0000-000000002103', '00000000-0000-0000-0000-000000001011', '商談化率',         'マッチング→実際の商談に至った割合',                                7, '%',  130, 115, 85, 70, 3),
  ('00000000-0000-0000-0000-000000002104', '00000000-0000-0000-0000-000000001011', 'グループトスアップ', 'マッチング先をTaskMate・開発・補助金につなげた件数',               7, '件',  10,   7,  4,  2, 4);

-- -------------------------------------------------------
-- 5-12. INTERCONNECT：プロダクト (quantitative, 赤字配分:定量30%)
-- -------------------------------------------------------
INSERT INTO kpi_templates (id, division_id, role, eval_type, version, is_active) VALUES
  ('00000000-0000-0000-0000-000000001012', '00000000-0000-0000-0000-000000000106', 'product', 'quantitative', 1, true);

INSERT INTO kpi_items (id, template_id, name, description, weight, measurement_unit, threshold_s, threshold_a, threshold_b, threshold_c, sort_order) VALUES
  ('00000000-0000-0000-0000-000000002111', '00000000-0000-0000-0000-000000001012', 'マッチング精度',     'マッチング後の満足度スコア（4以上/5の割合）',                      10, '%',   90,  80, 60, 40, 1),
  ('00000000-0000-0000-0000-000000002112', '00000000-0000-0000-0000-000000001012', 'プラットフォーム改善', 'React移行進捗・新機能リリース数',                                 10, '件',  10,   7,  4,  2, 2),
  ('00000000-0000-0000-0000-000000002113', '00000000-0000-0000-0000-000000001012', 'AIアルゴリズム改善', 'マッチング推薦の採用率改善度',                                     10, '%',  130, 115, 85, 70, 3);

-- -------------------------------------------------------
-- 5-13. CommitmentPay：営業 (quantitative, 赤字配分:定量30%)
-- -------------------------------------------------------
INSERT INTO kpi_templates (id, division_id, role, eval_type, version, is_active) VALUES
  ('00000000-0000-0000-0000-000000001013', '00000000-0000-0000-0000-000000000107', 'sales', 'quantitative', 1, true);

INSERT INTO kpi_items (id, template_id, name, description, weight, measurement_unit, threshold_s, threshold_a, threshold_b, threshold_c, sort_order) VALUES
  ('00000000-0000-0000-0000-000000002121', '00000000-0000-0000-0000-000000001013', 'API導入企業数',     'S:月平5社+ / A:3 / B:2 / C:1 / D:0',                             10, '社',   5,  3,  2,  1, 1),
  ('00000000-0000-0000-0000-000000002122', '00000000-0000-0000-0000-000000001013', 'トランザクション量', '決済件数の月次成長率で評価',                                        8, '%',  130, 115, 85, 70, 2),
  ('00000000-0000-0000-0000-000000002123', '00000000-0000-0000-0000-000000001013', 'パイプライン構築',   '商談→契約→API組込完了までのリードタイム',                           7, '日',    7, 14, 30, 45, 3),
  ('00000000-0000-0000-0000-000000002124', '00000000-0000-0000-0000-000000001013', 'グループトスアップ', '導入企業を他サービスにつなげた件数',                                 5, '件',  10,   7,  4,  2, 4);

-- -------------------------------------------------------
-- 5-14. CommitmentPay：開発 (quantitative, 赤字配分:定量30%)
-- -------------------------------------------------------
INSERT INTO kpi_templates (id, division_id, role, eval_type, version, is_active) VALUES
  ('00000000-0000-0000-0000-000000001014', '00000000-0000-0000-0000-000000000107', 'engineer', 'quantitative', 1, true);

INSERT INTO kpi_items (id, template_id, name, description, weight, measurement_unit, threshold_s, threshold_a, threshold_b, threshold_c, sort_order) VALUES
  ('00000000-0000-0000-0000-000000002131', '00000000-0000-0000-0000-000000001014', 'API稼働率',         'S:99.9%+ / A:99.5% / B:99.0-99.4% / C:98-98.9% / D:98%未満',   10, '%',  99.9, 99.5, 99.0, 98.0, 1),
  ('00000000-0000-0000-0000-000000002132', '00000000-0000-0000-0000-000000001014', '組込完了率',         'パートナー企業のAPI組込が予定通り完了した割合',                     10, '%',   100,   95,   85,   70, 2),
  ('00000000-0000-0000-0000-000000002133', '00000000-0000-0000-0000-000000001014', 'SDK/ドキュメント整備', '開発者向けドキュメントの充実度・サンプルコード整備',                10, '点',  130,  115,   85,   70, 3);

-- -------------------------------------------------------
-- 5-15. CommitmentPay：BD (quantitative, 赤字配分:定量30%)
-- -------------------------------------------------------
INSERT INTO kpi_templates (id, division_id, role, eval_type, version, is_active) VALUES
  ('00000000-0000-0000-0000-000000001015', '00000000-0000-0000-0000-000000000107', 'bd', 'quantitative', 1, true);

INSERT INTO kpi_items (id, template_id, name, description, weight, measurement_unit, threshold_s, threshold_a, threshold_b, threshold_c, sort_order) VALUES
  ('00000000-0000-0000-0000-000000002141', '00000000-0000-0000-0000-000000001015', '提携ローカル店舗数', 'S:月平20店舗+ / A:10 / B:5-9 / C:2-4 / D:1以下',                10, '店舗', 20, 10,  5,  2, 1),
  ('00000000-0000-0000-0000-000000002142', '00000000-0000-0000-0000-000000001015', 'クーポン利用率',     '発行クーポンに対する実際の利用率',                                  10, '%',    50, 40, 25, 15, 2),
  ('00000000-0000-0000-0000-000000002143', '00000000-0000-0000-0000-000000001015', 'リワード経済圏GMV', 'クーポン・リワード経由の総取引量',                                   10, '円',  130, 115, 85, 70, 3);

-- ============================================================
-- 6. Behavior Items (事業部×職種 各3項目)
--    behavior_items は kpi_templates(eval_type='qualitative') に紐づく
-- ============================================================

-- -------------------------------------------------------
-- 6-1. システム開発事業部：営業 (qualitative)
-- -------------------------------------------------------
INSERT INTO kpi_templates (id, division_id, role, eval_type, version, is_active) VALUES
  ('00000000-0000-0000-0000-000000001101', '00000000-0000-0000-0000-000000000101', 'sales', 'qualitative', 1, true);

INSERT INTO behavior_items (id, template_id, name, criteria, max_score, sort_order) VALUES
  ('00000000-0000-0000-0000-000000003001', '00000000-0000-0000-0000-000000001101', '提案の質',         '補助金×開発のクロスセル提案ができているか',                  10, 1),
  ('00000000-0000-0000-0000-000000003002', '00000000-0000-0000-0000-000000001101', 'ヒアリング精度',   '潜在ニーズまで引き出せているか',                              10, 2),
  ('00000000-0000-0000-0000-000000003003', '00000000-0000-0000-0000-000000001101', 'レスポンス速度',   '問合せから見積りまでのリードタイム',                            10, 3);

-- -------------------------------------------------------
-- 6-2. システム開発事業部：開発 (qualitative)
-- -------------------------------------------------------
INSERT INTO kpi_templates (id, division_id, role, eval_type, version, is_active) VALUES
  ('00000000-0000-0000-0000-000000001102', '00000000-0000-0000-0000-000000000101', 'engineer', 'qualitative', 1, true);

INSERT INTO behavior_items (id, template_id, name, criteria, max_score, sort_order) VALUES
  ('00000000-0000-0000-0000-000000003011', '00000000-0000-0000-0000-000000001102', '技術スキル向上',   '新技術・vibe codingの活用度',                                  10, 1),
  ('00000000-0000-0000-0000-000000003012', '00000000-0000-0000-0000-000000001102', 'ドキュメント整備', '設計書・テスト仕様を残しているか',                              10, 2),
  ('00000000-0000-0000-0000-000000003013', '00000000-0000-0000-0000-000000001102', 'チーム貢献',       '後輩指導・レビュー協力・ナレッジ共有',                          10, 3);

-- -------------------------------------------------------
-- 6-3. TaskMate：ポインター (qualitative)
-- -------------------------------------------------------
INSERT INTO kpi_templates (id, division_id, role, eval_type, version, is_active) VALUES
  ('00000000-0000-0000-0000-000000001103', '00000000-0000-0000-0000-000000000102', 'pointer', 'qualitative', 1, true);

INSERT INTO behavior_items (id, template_id, name, criteria, max_score, sort_order) VALUES
  ('00000000-0000-0000-0000-000000003021', '00000000-0000-0000-0000-000000001103', '提案の質',         'TaskMate契約先に対する補助金・開発受注のクロスセル提案',        10, 1),
  ('00000000-0000-0000-0000-000000003022', '00000000-0000-0000-0000-000000001103', 'ヒアリング精度',   '顧客の潜在ニーズを引き出しクロスセルにつなげられるか',          10, 2),
  ('00000000-0000-0000-0000-000000003023', '00000000-0000-0000-0000-000000001103', 'レスポンス速度',   '問合せ・商談対応のスピード',                                    10, 3);

-- -------------------------------------------------------
-- 6-4. TaskMate：クローザー (qualitative)
-- -------------------------------------------------------
INSERT INTO kpi_templates (id, division_id, role, eval_type, version, is_active) VALUES
  ('00000000-0000-0000-0000-000000001104', '00000000-0000-0000-0000-000000000102', 'closer', 'qualitative', 1, true);

INSERT INTO behavior_items (id, template_id, name, criteria, max_score, sort_order) VALUES
  ('00000000-0000-0000-0000-000000003031', '00000000-0000-0000-0000-000000001104', '提案の質',         'クライアントの課題を深掘りした上で最適プランを提案できているか',  10, 1),
  ('00000000-0000-0000-0000-000000003032', '00000000-0000-0000-0000-000000001104', 'クロスセル意識',   '受託・補助金へのアップセルを積極的に提案しているか',              10, 2),
  ('00000000-0000-0000-0000-000000003033', '00000000-0000-0000-0000-000000001104', '成約プロセス',     '商談からクロージングまでの段取り・フォローアップの質',              10, 3);

-- -------------------------------------------------------
-- 6-5. TaskMate：CS (qualitative)
-- -------------------------------------------------------
INSERT INTO kpi_templates (id, division_id, role, eval_type, version, is_active) VALUES
  ('00000000-0000-0000-0000-000000001105', '00000000-0000-0000-0000-000000000102', 'cs', 'qualitative', 1, true);

INSERT INTO behavior_items (id, template_id, name, criteria, max_score, sort_order) VALUES
  ('00000000-0000-0000-0000-000000003041', '00000000-0000-0000-0000-000000001105', '顧客対応品質',     '解約防止・課題解決の提案力',                                    10, 1),
  ('00000000-0000-0000-0000-000000003042', '00000000-0000-0000-0000-000000001105', 'アップセル提案',   '既存顧客から補助金・開発商談を創出する行動量',                  10, 2),
  ('00000000-0000-0000-0000-000000003043', '00000000-0000-0000-0000-000000001105', 'ナレッジ共有',     'CS対応ノウハウのドキュメント化・チーム共有',                    10, 3);

-- -------------------------------------------------------
-- 6-6. 補助金事業部：営業 (qualitative)
-- -------------------------------------------------------
INSERT INTO kpi_templates (id, division_id, role, eval_type, version, is_active) VALUES
  ('00000000-0000-0000-0000-000000001106', '00000000-0000-0000-0000-000000000103', 'sales', 'qualitative', 1, true);

INSERT INTO behavior_items (id, template_id, name, criteria, max_score, sort_order) VALUES
  ('00000000-0000-0000-0000-000000003051', '00000000-0000-0000-0000-000000001106', '提案の質',         '補助金採択後の自社開発受注を見据えた提案ができているか',          10, 1),
  ('00000000-0000-0000-0000-000000003052', '00000000-0000-0000-0000-000000001106', 'ヒアリング精度',   '補助金要件に合致する潜在ニーズを引き出せているか',                10, 2),
  ('00000000-0000-0000-0000-000000003053', '00000000-0000-0000-0000-000000001106', 'クロスセル意識',   'TaskMate・INTERCONNECTへのトスアップを積極的に行っているか',      10, 3);

-- -------------------------------------------------------
-- 6-7. 補助金事業部：バックヤード (qualitative)
-- -------------------------------------------------------
INSERT INTO kpi_templates (id, division_id, role, eval_type, version, is_active) VALUES
  ('00000000-0000-0000-0000-000000001107', '00000000-0000-0000-0000-000000000103', 'backyard', 'qualitative', 1, true);

INSERT INTO behavior_items (id, template_id, name, criteria, max_score, sort_order) VALUES
  ('00000000-0000-0000-0000-000000003061', '00000000-0000-0000-0000-000000001107', '書類品質',         '申請書の完成度・採択審査員の観点での記述力',                      10, 1),
  ('00000000-0000-0000-0000-000000003062', '00000000-0000-0000-0000-000000001107', 'プロセス改善',     '業務フローの標準化・効率化への取り組み',                          10, 2),
  ('00000000-0000-0000-0000-000000003063', '00000000-0000-0000-0000-000000001107', 'チーム連携',       '営業チームとの情報連携・案件進捗の可視化',                        10, 3);

-- -------------------------------------------------------
-- 6-8. ASP事業部 (qualitative)
-- -------------------------------------------------------
INSERT INTO kpi_templates (id, division_id, role, eval_type, version, is_active) VALUES
  ('00000000-0000-0000-0000-000000001108', '00000000-0000-0000-0000-000000000104', 'asp', 'qualitative', 1, true);

INSERT INTO behavior_items (id, template_id, name, criteria, max_score, sort_order) VALUES
  ('00000000-0000-0000-0000-000000003071', '00000000-0000-0000-0000-000000001108', '案件発掘力',       '高単価・高承認率の案件を見極めて開拓できているか',                10, 1),
  ('00000000-0000-0000-0000-000000003072', '00000000-0000-0000-0000-000000001108', 'コンテンツ品質',   'SEO・CVR改善につながるコンテンツを制作しているか',                10, 2),
  ('00000000-0000-0000-0000-000000003073', '00000000-0000-0000-0000-000000001108', 'クロスセル意識',   'ASPリードを他サービスにつなげる提案をしているか',                  10, 3);

-- -------------------------------------------------------
-- 6-9. イケメン製作所：美容師 (qualitative, 赤字配分:定性45%)
-- -------------------------------------------------------
INSERT INTO kpi_templates (id, division_id, role, eval_type, version, is_active) VALUES
  ('00000000-0000-0000-0000-000000001109', '00000000-0000-0000-0000-000000000105', 'beautician', 'qualitative', 1, true);

INSERT INTO behavior_items (id, template_id, name, criteria, max_score, sort_order) VALUES
  ('00000000-0000-0000-0000-000000003081', '00000000-0000-0000-0000-000000001109', 'AI技術活用',       'AI眉毛デザインツールを提案に活かせているか',                      15, 1),
  ('00000000-0000-0000-0000-000000003082', '00000000-0000-0000-0000-000000001109', '接客品質',         '「イケメン構造化」ビジョンを体現する接客か',                      15, 2),
  ('00000000-0000-0000-0000-000000003083', '00000000-0000-0000-0000-000000001109', '口コミ・紹介獲得', '口コミ促進・紹介創出の取り組み',                                  15, 3);

-- -------------------------------------------------------
-- 6-10. イケメン製作所：管理職 (qualitative, 赤字配分:定性45%)
-- -------------------------------------------------------
INSERT INTO kpi_templates (id, division_id, role, eval_type, version, is_active) VALUES
  ('00000000-0000-0000-0000-000000001110', '00000000-0000-0000-0000-000000000105', 'manager', 'qualitative', 1, true);

INSERT INTO behavior_items (id, template_id, name, criteria, max_score, sort_order) VALUES
  ('00000000-0000-0000-0000-000000003091', '00000000-0000-0000-0000-000000001110', 'スタッフ育成',     '美容師スタッフの技術力・接客力向上の支援',                        15, 1),
  ('00000000-0000-0000-0000-000000003092', '00000000-0000-0000-0000-000000001110', '店舗運営効率',     '予約管理・シフト最適化・在庫管理の精度',                          15, 2),
  ('00000000-0000-0000-0000-000000003093', '00000000-0000-0000-0000-000000001110', 'クロスセル推進',   'サロン客から他サービスへのトスアップ行動',                        15, 3);

-- -------------------------------------------------------
-- 6-11. INTERCONNECT：営業 (qualitative, 赤字配分:定性45%)
-- -------------------------------------------------------
INSERT INTO kpi_templates (id, division_id, role, eval_type, version, is_active) VALUES
  ('00000000-0000-0000-0000-000000001111', '00000000-0000-0000-0000-000000000106', 'sales', 'qualitative', 1, true);

INSERT INTO behavior_items (id, template_id, name, criteria, max_score, sort_order) VALUES
  ('00000000-0000-0000-0000-000000003101', '00000000-0000-0000-0000-000000001111', '仮説構築力',       'マッチング前に「この企業同士のシナジー仮説」を立てた上で提案できているか', 15, 1),
  ('00000000-0000-0000-0000-000000003102', '00000000-0000-0000-0000-000000001111', 'フィードバック収集', 'マッチング後の定性フィードバックをプロダクト改善につなげているか',   15, 2),
  ('00000000-0000-0000-0000-000000003103', '00000000-0000-0000-0000-000000001111', 'コミュニティ運営', 'ネットワーキングコミュニティでの価値提供・イベント企画実行',          15, 3);

-- -------------------------------------------------------
-- 6-12. INTERCONNECT：プロダクト (qualitative, 赤字配分:定性45%)
-- -------------------------------------------------------
INSERT INTO kpi_templates (id, division_id, role, eval_type, version, is_active) VALUES
  ('00000000-0000-0000-0000-000000001112', '00000000-0000-0000-0000-000000000106', 'product', 'qualitative', 1, true);

INSERT INTO behavior_items (id, template_id, name, criteria, max_score, sort_order) VALUES
  ('00000000-0000-0000-0000-000000003111', '00000000-0000-0000-0000-000000001112', '仮説構築力',       'マッチングAIの精度向上に向けた仮説検証サイクルを回せているか',      15, 1),
  ('00000000-0000-0000-0000-000000003112', '00000000-0000-0000-0000-000000001112', 'フィードバック収集', 'ユーザーフィードバックを体系的に収集し改善に活かしているか',        15, 2),
  ('00000000-0000-0000-0000-000000003113', '00000000-0000-0000-0000-000000001112', 'コミュニティ運営', 'ユーザーコミュニティの形成・エンゲージメント向上への貢献',            15, 3);

-- -------------------------------------------------------
-- 6-13. CommitmentPay：営業 (qualitative, 赤字配分:定性45%)
-- -------------------------------------------------------
INSERT INTO kpi_templates (id, division_id, role, eval_type, version, is_active) VALUES
  ('00000000-0000-0000-0000-000000001113', '00000000-0000-0000-0000-000000000107', 'sales', 'qualitative', 1, true);

INSERT INTO behavior_items (id, template_id, name, criteria, max_score, sort_order) VALUES
  ('00000000-0000-0000-0000-000000003121', '00000000-0000-0000-0000-000000001113', 'Pain&Pleasure設計力', '「痛み」と「報酬」のバランスが取れたプロダクト提案ができているか',  15, 1),
  ('00000000-0000-0000-0000-000000003122', '00000000-0000-0000-0000-000000001113', 'パートナーサクセス',   '導入企業の成功事例を作り横展開できているか',                      15, 2),
  ('00000000-0000-0000-0000-000000003123', '00000000-0000-0000-0000-000000001113', 'エコシステム構築',     'ローカル店舗との関係構築・イケメン製作所とのシナジー創出',          15, 3);

-- -------------------------------------------------------
-- 6-14. CommitmentPay：開発 (qualitative, 赤字配分:定性45%)
-- -------------------------------------------------------
INSERT INTO kpi_templates (id, division_id, role, eval_type, version, is_active) VALUES
  ('00000000-0000-0000-0000-000000001114', '00000000-0000-0000-0000-000000000107', 'engineer', 'qualitative', 1, true);

INSERT INTO behavior_items (id, template_id, name, criteria, max_score, sort_order) VALUES
  ('00000000-0000-0000-0000-000000003131', '00000000-0000-0000-0000-000000001114', 'Pain&Pleasure設計力', 'API設計において行動変容メカニズムを技術的に実現できているか',      15, 1),
  ('00000000-0000-0000-0000-000000003132', '00000000-0000-0000-0000-000000001114', 'パートナーサクセス',   'パートナー企業のAPI組込を技術支援し成功に導いているか',            15, 2),
  ('00000000-0000-0000-0000-000000003133', '00000000-0000-0000-0000-000000001114', 'エコシステム構築',     'SDK・ドキュメントの整備で開発者エコシステムを構築しているか',      15, 3);

-- -------------------------------------------------------
-- 6-15. CommitmentPay：BD (qualitative, 赤字配分:定性45%)
-- -------------------------------------------------------
INSERT INTO kpi_templates (id, division_id, role, eval_type, version, is_active) VALUES
  ('00000000-0000-0000-0000-000000001115', '00000000-0000-0000-0000-000000000107', 'bd', 'qualitative', 1, true);

INSERT INTO behavior_items (id, template_id, name, criteria, max_score, sort_order) VALUES
  ('00000000-0000-0000-0000-000000003141', '00000000-0000-0000-0000-000000001115', 'Pain&Pleasure設計力', 'ローカル店舗に対する行動変容インセンティブ設計の質',              15, 1),
  ('00000000-0000-0000-0000-000000003142', '00000000-0000-0000-0000-000000001115', 'パートナーサクセス',   '提携店舗の成功事例を作り横展開できているか',                      15, 2),
  ('00000000-0000-0000-0000-000000003143', '00000000-0000-0000-0000-000000001115', 'エコシステム構築',     'イケメン製作所との連携等グループシナジーを創出しているか',          15, 3);

-- ============================================================
-- 7. Crosssell Routes
-- ============================================================

-- -------------------------------------------------------
-- 7-1. 既存経路（v2本体）
-- -------------------------------------------------------
INSERT INTO crosssell_routes (id, org_id, from_division_id, to_division_id, condition, toss_bonus_rate, receive_bonus_rate, is_active) VALUES
  -- TaskMate → 補助金 (5% / 2.5%)
  ('00000000-0000-0000-0000-000000004001', '00000000-0000-0000-0000-000000000001',
   '00000000-0000-0000-0000-000000000102', '00000000-0000-0000-0000-000000000103',
   '契約先が補助金申請に至った場合', 0.05, 0.025, true),

  -- TaskMate → 受託開発 (3% / 1.5%)
  ('00000000-0000-0000-0000-000000004002', '00000000-0000-0000-0000-000000000001',
   '00000000-0000-0000-0000-000000000102', '00000000-0000-0000-0000-000000000101',
   '契約先が受託開発を発注した場合', 0.03, 0.015, true),

  -- 補助金 → 受託開発 (5% / 2.5%)
  ('00000000-0000-0000-0000-000000004003', '00000000-0000-0000-0000-000000000001',
   '00000000-0000-0000-0000-000000000103', '00000000-0000-0000-0000-000000000101',
   '採択案件が自社開発受注に至った場合', 0.05, 0.025, true),

  -- ASP → 他サービス（受託開発） (3% / 1.5%)
  ('00000000-0000-0000-0000-000000004004', '00000000-0000-0000-0000-000000000001',
   '00000000-0000-0000-0000-000000000104', '00000000-0000-0000-0000-000000000101',
   'ASPリードが受託開発契約に至った場合', 0.03, 0.015, true),

  -- イケメン製作所 → 他（TaskMate） (5% / 2.5%)
  ('00000000-0000-0000-0000-000000004005', '00000000-0000-0000-0000-000000000001',
   '00000000-0000-0000-0000-000000000105', '00000000-0000-0000-0000-000000000102',
   'サロン客からTaskMate契約に至った場合', 0.05, 0.025, true),

  -- イケメン製作所 → 他（補助金） (5% / 2.5%)
  ('00000000-0000-0000-0000-000000004006', '00000000-0000-0000-0000-000000000001',
   '00000000-0000-0000-0000-000000000105', '00000000-0000-0000-0000-000000000103',
   'サロン客から補助金申請に至った場合', 0.05, 0.025, true),

  -- イケメン製作所 → 他（受託開発） (5% / 2.5%)
  ('00000000-0000-0000-0000-000000004007', '00000000-0000-0000-0000-000000000001',
   '00000000-0000-0000-0000-000000000105', '00000000-0000-0000-0000-000000000101',
   'サロン客から受託開発契約に至った場合', 0.05, 0.025, true);

-- -------------------------------------------------------
-- 7-2. 新規経路（INTERCONNECT・CommitmentPay追加分）
-- -------------------------------------------------------
INSERT INTO crosssell_routes (id, org_id, from_division_id, to_division_id, condition, toss_bonus_rate, receive_bonus_rate, is_active) VALUES
  -- INTERCONNECT → TaskMate (5% / 2.5%)
  ('00000000-0000-0000-0000-000000004011', '00000000-0000-0000-0000-000000000001',
   '00000000-0000-0000-0000-000000000106', '00000000-0000-0000-0000-000000000102',
   'マッチング先企業がTaskMate契約に至った場合', 0.05, 0.025, true),

  -- INTERCONNECT → 受託開発 (3% / 1.5%)
  ('00000000-0000-0000-0000-000000004012', '00000000-0000-0000-0000-000000000001',
   '00000000-0000-0000-0000-000000000106', '00000000-0000-0000-0000-000000000101',
   'マッチング先企業が開発を発注した場合', 0.03, 0.015, true),

  -- INTERCONNECT → 補助金 (5% / 2.5%)
  ('00000000-0000-0000-0000-000000004013', '00000000-0000-0000-0000-000000000001',
   '00000000-0000-0000-0000-000000000106', '00000000-0000-0000-0000-000000000103',
   'マッチング先企業が補助金申請に至った場合', 0.05, 0.025, true),

  -- CommitmentPay → TaskMate (5% / 2.5%)
  ('00000000-0000-0000-0000-000000004014', '00000000-0000-0000-0000-000000000001',
   '00000000-0000-0000-0000-000000000107', '00000000-0000-0000-0000-000000000102',
   '導入企業がTaskMate契約に至った場合', 0.05, 0.025, true),

  -- CommitmentPay → 受託開発 (3% / 1.5%)
  ('00000000-0000-0000-0000-000000004015', '00000000-0000-0000-0000-000000000001',
   '00000000-0000-0000-0000-000000000107', '00000000-0000-0000-0000-000000000101',
   '導入企業がカスタム開発を発注した場合', 0.03, 0.015, true),

  -- CommitmentPay → イケメン製作所 (5% / 2.5%)
  ('00000000-0000-0000-0000-000000004016', '00000000-0000-0000-0000-000000000001',
   '00000000-0000-0000-0000-000000000107', '00000000-0000-0000-0000-000000000105',
   'ローカルクーポン経由でサロン集客に至った場合', 0.05, 0.025, true),

  -- 全事業 → CommitmentPay (3% / 1.5%)
  -- 各事業部から個別に経路を定義
  ('00000000-0000-0000-0000-000000004021', '00000000-0000-0000-0000-000000000001',
   '00000000-0000-0000-0000-000000000101', '00000000-0000-0000-0000-000000000107',
   '既存クライアントがCommitmentPay導入に至った場合', 0.03, 0.015, true),

  ('00000000-0000-0000-0000-000000004022', '00000000-0000-0000-0000-000000000001',
   '00000000-0000-0000-0000-000000000102', '00000000-0000-0000-0000-000000000107',
   '既存クライアントがCommitmentPay導入に至った場合', 0.03, 0.015, true),

  ('00000000-0000-0000-0000-000000004023', '00000000-0000-0000-0000-000000000001',
   '00000000-0000-0000-0000-000000000103', '00000000-0000-0000-0000-000000000107',
   '既存クライアントがCommitmentPay導入に至った場合', 0.03, 0.015, true),

  ('00000000-0000-0000-0000-000000004024', '00000000-0000-0000-0000-000000000001',
   '00000000-0000-0000-0000-000000000104', '00000000-0000-0000-0000-000000000107',
   '既存クライアントがCommitmentPay導入に至った場合', 0.03, 0.015, true),

  ('00000000-0000-0000-0000-000000004025', '00000000-0000-0000-0000-000000000001',
   '00000000-0000-0000-0000-000000000105', '00000000-0000-0000-0000-000000000107',
   '既存クライアントがCommitmentPay導入に至った場合', 0.03, 0.015, true),

  ('00000000-0000-0000-0000-000000004026', '00000000-0000-0000-0000-000000000001',
   '00000000-0000-0000-0000-000000000106', '00000000-0000-0000-0000-000000000107',
   '既存クライアントがCommitmentPay導入に至った場合', 0.03, 0.015, true),

  -- 全事業 → INTERCONNECT (3% / 1.5%)
  ('00000000-0000-0000-0000-000000004031', '00000000-0000-0000-0000-000000000001',
   '00000000-0000-0000-0000-000000000101', '00000000-0000-0000-0000-000000000106',
   '既存クライアントがINTERCONNECT登録に至った場合', 0.03, 0.015, true),

  ('00000000-0000-0000-0000-000000004032', '00000000-0000-0000-0000-000000000001',
   '00000000-0000-0000-0000-000000000102', '00000000-0000-0000-0000-000000000106',
   '既存クライアントがINTERCONNECT登録に至った場合', 0.03, 0.015, true),

  ('00000000-0000-0000-0000-000000004033', '00000000-0000-0000-0000-000000000001',
   '00000000-0000-0000-0000-000000000103', '00000000-0000-0000-0000-000000000106',
   '既存クライアントがINTERCONNECT登録に至った場合', 0.03, 0.015, true),

  ('00000000-0000-0000-0000-000000004034', '00000000-0000-0000-0000-000000000001',
   '00000000-0000-0000-0000-000000000104', '00000000-0000-0000-0000-000000000106',
   '既存クライアントがINTERCONNECT登録に至った場合', 0.03, 0.015, true),

  ('00000000-0000-0000-0000-000000004035', '00000000-0000-0000-0000-000000000001',
   '00000000-0000-0000-0000-000000000105', '00000000-0000-0000-0000-000000000106',
   '既存クライアントがINTERCONNECT登録に至った場合', 0.03, 0.015, true),

  ('00000000-0000-0000-0000-000000004036', '00000000-0000-0000-0000-000000000001',
   '00000000-0000-0000-0000-000000000107', '00000000-0000-0000-0000-000000000106',
   '既存クライアントがINTERCONNECT登録に至った場合', 0.03, 0.015, true);

-- ============================================================
-- 8. Eval Period (2026 H1) + OKR Period (2026 Q1)
-- ============================================================

-- 2026 H1: 4月-9月 (fiscal_year 2026)
INSERT INTO eval_periods (id, org_id, name, half, fiscal_year, start_date, end_date, status) VALUES
  ('00000000-0000-0000-0000-000000005001', '00000000-0000-0000-0000-000000000001',
   '2026年度 H1', 'H1', 2026, '2026-04-01', '2026-09-30', 'planning');

-- 2026 Q1: 4月-6月
INSERT INTO okr_periods (id, org_id, name, quarter, fiscal_year, start_date, end_date, status) VALUES
  ('00000000-0000-0000-0000-000000005101', '00000000-0000-0000-0000-000000000001',
   '2026年度 Q1', 1, 2026, '2026-04-01', '2026-06-30', 'planning');

-- 2026 Q2: 7月-9月
INSERT INTO okr_periods (id, org_id, name, quarter, fiscal_year, start_date, end_date, status) VALUES
  ('00000000-0000-0000-0000-000000005102', '00000000-0000-0000-0000-000000000001',
   '2026年度 Q2', 2, 2026, '2026-07-01', '2026-09-30', 'planning');

-- H1にQ1, Q2を紐づけ
INSERT INTO eval_period_okr_periods (eval_period_id, okr_period_id) VALUES
  ('00000000-0000-0000-0000-000000005001', '00000000-0000-0000-0000-000000005101'),
  ('00000000-0000-0000-0000-000000005001', '00000000-0000-0000-0000-000000005102');
